Local Language,English
نسخ الفاتورة التجارية الموقعة,
مصادق عليها بواسطة,
وصف المستندات,
من,
الى,
م نذ ع شرة أا ام ,
ت ارا خ مخ صص ,
 س ب عد أا ام ,
الا س ب عً ال ما ضي ,
ف ي ال مرة ال قادمة (X ا وً ما ),
ا رجى الاخ ت يار ,
ف ي ال ما ضي (X ا وً ما ),
ت ارا خ م ت غ ير ,
هذا ال شهر ,
ال ي مً ,
هذا الا س ب عً ,
ترتيب/تهيئة الفهرس,
تصدير إلى Excel,
تصدير إلى CSV,
تصدير إلى PDF,
تصدير إلى HTML,
اسم البنك,
الرمز التعريفي للشركة,
اسم الشرط,
عملة الحساب,
رمز الشركة,
اسم البريد الالكتروني للمجموعة,
الرمز التعريفي للمجموعة,
رمز الدوله,
السنة,
رقم مرجعنا,
الرمز التعريفي للرسالة,
الرمز التعريفي للمجموعة,
اسم الطرف,
رقم امر الشراء,
اسم المستفيد,
تاريخ الاصدار,
عملة الاعتماد,
اسم النموذج,
انشئت بواسطة,
نوع النموذج,
تاريخ الانشاء,
اسم النموذج,
نوع النموذج,
انشئت بواسطة,
الرمز التعريفي للشركة,
الرمز التعريفي للمستخدم,
رمز الدوله,
اسم القالب هو المعيار,
الرمز التعريفي للمجموعة,
مدفوع مقدما لشروط التسليم,
تصدير,
استراد,
رئيسي,
حوالة,
عنوان,
اسم,
اسم المستفيد,
عنوان المستفيد,
عنوان المشتري,
اسم المشتري,
بلد االوجهة,
الرمز الجمركي,
الرمز الجمركي,
الرمز الجمركي,
الفرع/حساب العميل,
رقم مرجع التوطين,
مبلغ التوطين ب دج,
عملة/مبلغ التوطين,
وصف البظائع/الخدمات,
وصف البظائع/الخدمات,
وصف البظائع/الخدمات,
تاريخ الفاتاورة/الفاتورة المبدئية/العقد,
تاريخ الفاتورة/الفاتورة المبدئية/العقد,
رقم الفاتورة/الفاتورة المبدئية/العقد,
شروط التسليم,
شروط التسليم,
رقم الفاتورة/الفاتورة المبدئية/العقد,
رقم الفاتورة/الفاتورة المبدئية/العقد,
طبيعة التصدير,
طبيعة الاستيراد,
بلد المنشا,
وسيلة الدفع,
وسيلة الدفع,
شروط الدفع,
شروط الدفع,
غرض الاستراد,
الغرض من الحوالة,
سبب الرفض,
عنوان المرسل,
اسم المرسل,
الرقم التعريف الإحصائي (NIS),
عنوان المورد,
اسم المورد,
رقم التعريف الضريبي (NIF),
شروط,
المدة,
يرجى الموافقه على الشروط بإختيار اشاره الصح في المربع أدناه .,
نسبة التفاوت,
تاريخ الفاتورة/الفاتورة المبدئية/العقد,
تاريخ الطلب,
نوع  التوطين,
مقدم الطلب,
رقم مرجع التوطين,
الرقم التعريف الإحصائي (NIS),
نوع  التوطين,
رقم التعريف الضريبي (NIF),
تعديل,
الشيك,
تعليمات التحصيل,
تعليمات التحصيل,
المستندات,
رئيسي,
أخرى,
الرقم الفرعي لحساب المصاريف,
الرقم الفرعي لحساب التعهدات,
قيم القبول,
ارصدة القبول,
تاريخ اشعار الاستلام,
اشعار الاستلام بواسطة,
قيمة القبول,
الاجراء المطلوب لاعادة السحب المقبول غير المدفوع,
اشعار عدم القبول بواسطة,
اشعار عدم الدفع بواسطة,
مصاريف التعديل على,
تفاصيل التعديل,
تاريخ التعديل,
تعليمات التعديل,
شهادة التحليل,
الردود,
رمز الفرع / حساب العميل,
اسم وعنوان طالب الاصدار,
رقم مرجع المستفيد/ رقم مرجع بنك المستفيد,
عمولات التحصيل (المستفيد),
المصاريف الاخرى (المستفيد),
الرقم الفرعي لحساب المستفيد (الساحب),
المصاريف الاجمالية(المستفيد),
شهادة المستفيد,
شهادة المستفيد/ شهادة تفتيش,
عمولات التحصيل (غير المدفوعة من المستفيد),
المصاريف الاجمالية(غير مدفوعة من المستفيد),
تعليمات الفاتورة,
بوليصة الشحن البحري,
بوليصة الشحن البحري/الجوي,
بوليصة الشحن الجوي,
بوليصة الشحن الجوي/شهادة الصحة,
شهادة المقاطعة,
رمز الفرع / حساب العميل,
رقم مرجع التسديد,
الغاء ؟,
شهادة الوزن,
قيمة الشيك الاول,
قيمة الشيك الثاني,
قيمة الشيك الثالث,
عملة الشيك الاول,
عملة الشيك الثاني,
عملة الشيك الثالث,
تاريخ الشيك الاول,
تاريخ الشيك الثاني,
تاريخ الشيك الثالث,
رقم الشيك الاول,
رقم الشيك الثاني,
رقم الشيك الثالث,
عملة حساب المصاريف,
حساب العميل الدائن,
الرقم الفرعي لحساب المصاريف,
تاريخ استحقاق الشيك الاول / اسم البنك,
تاريخ استحقاق الشيك الثاني / اسم البنك,
تاريخ استحقاق الشيك الثالث / اسم البنك,
قيمة السحب (المطالب بها),
قيمة تفاوت القبول (تحصيل),
رصيد تفاوت القبول (تحصيل),
قيمة التحصيل,
شهاة التحليل / نسخة,
شهاة التحليل / اصلية,
رصيد التحصيل,
عنوان البنك المحصل,
عمولات البنك المحصل,
عمولات البنك المحصل على,
اسم البنك المبلغ,
رقم مرجع البنك المحصل,
رمز السويفت,
الرمز التعريفي للبنك المبلغ,
بوالص شحن / نسخة,
بوالص شحن / اصلية,
قائمة المقاطعة / نسخة,
قائمة المقاطعة / اصلية,
عملة التحصيل,
تاريخ انشاء التحصيل,
تاريخ الحركة,
تخفيض التحصيل,
السحب / نسخة,
السحب / اصلي,
زيادة التحصيل,
الفاتورة / نسخة,
الفاتورة / اصلية,
رقم مرجع التحصيل,
رقم مرجع التبليغ,
شهادة المنشأ / اصلية,
شهادة المنشأ / نسخة,
مستندات اخرى / نسخة,
مستندات اخرى / اصلية,
بيان التعبئة / نسخة,
بيان التعبئة / أصلي,
قيمة الاطلاع ( تحصيل ),
رصيد الاطلاع ( تحصيل ),
نوع التحصيل,
شهادة الباخرة / نسخة,
شهادة الباخرة / اصلية,
شهادة الوزن / نسخة,
شهادة الوزن / اصلية,
الوضع الحالي,
الحساب,
عملة الدفع,
تبليغ العميل بواسطة,
رمز فرع العميل,
اسم فرع العميل,
رمز الفرع / حساب العميل,
تعليمات العميل / المستندات الإضافية المطلوبة,
رقم مرجعنا,
رقم مرجع العميل,
مؤشر الخصم,
مبلغ الخصم,
تسليم المستندات مقابل,
قيمة المستندات,
المستندات المطلوب تقديمها,
ارسال المستندات بواسطة,
المستندات,
حساب قيد المصاريف,
القيمة المقيدة على الحساب,
السحب,
قيمة السحب (عملة التقديم),
عنوان المسحوب عليه,
رقم حساب المسحوب عليه,
اسم المسحوب عليه,
العنوان,
عنوان المستفيد,
الاسم والعنوان,
حساب مصاريف المستفيد,
عملة مصاريف المستفيد,
الرقم الفرعي لحساب مصاريف المستفيد,
بنك المحصل (المستفيد),
رقم حساب المستفيد (الساحب),
اسم الساحب,
تاريخ حق الدفعة,
تاريخ الاستحقاق,
سعر الصرف,
تاريخ الانتهاء,
البريد الاول,
وصف البضائع,
تاريخ الوقت المتوقع لوصول البضائع,
وسيلة النقل,
احتفظ بالمستندات لحين وصول البضاعة,
بوليصة التأمين,
نسبة الفائدة,
قيمة الفائدة,
الفائدة مدفوعة بواسطة,
الفاتورة,
مصاريف البنك المصدر (عملة الاعتماد),
تاريخ الاصدار,
عملة الاعتماد,
قيمة التحصيل (عملة محلية),
العملة المحلية,
تواريخ الاستحقاق,
تفاصيل الدفعات المختلطة,
الرقم الفرعي الجديد لحساب التعهدات,
تاريخ استحقاق القبول الجديد,
عنوان المسحوب عليه الجديد,
اسم المسحوب علية الجديد,
بوليصة شحن غير قابلة للتجيير,
عدد الايام,
قيمة بوليصة التحصيل القديمة,
شهادة المنشأ,
شهادات اخرى,
التزامنا,
بيان التعبئة,
الدفع الجزئي مسموح به؟,
تاريخ الدفع,
شروط الدفع,
نوع الدفع,
اسم وعنوان البنك المقدم,
حساب العوائد,
الاحتجاج على,
عملة الاستلام,
صافي القيمة المستلمة,
اسباب عدم الدفع,
سبب الرفض,
حالة الحركة لدى البنك,
البريد الثاني,
قيمة الاطلاع,
تعليمات خاصة,
تعليمات التسديد,
التسديد بواسطة,
التخزين والتأمين على البضائع,
المدة ايام,
المدة ايام / اشهر,
تاريخ بدء احتساب المدة,
نوع المدة,
رقم مرجعهم,
المدة ايام / اشهر,
تاريخ وثيقة الشحن الاولى,
تاريخ وثيقة الشحن الثانية,
رقم الفاتورة/امر الشراء,
رقم وثيقة الشحن الاولى,
رقم وثيقة الشحن الثانية,
الشحن من,
الشحن الى,
طريق الشحن,
تاريخ الطلب,
القيمة الاجمالية الواجب دفعها ( المستفيد),
اجمالي مصاريف الاتصالات غير المدفوعة ( عملة المصاريف),
اجمالي التكاليف غير المدفوعة ( عملة المصاريف),
القيمة الاجمالية القابلة للدفع,
شهادة الباخرة,
اسم الباخرة/رقم الرحلة,
التنازل عن مصاريف البنك المحصل اذا رفضت,
التنازل عن مصاريف البنك المحصل (نعم/لا),
التنازل عن مصاريف البنك المرسل (نعم/لا),
التنازل عن مصاريف البنك المرسل (نعم/لا),
البنك المحصل,
رمز الفرع/ حساب العميل,
المسحوب عليه,
الساحب,
رئيسي,
رقم مرجعنا,
قيمة التحصيل,
قيمة التحصيل,
اسم الساحب,
المسحوب عليه,
المسحوب عليه,
عملة التحصيل,
رقم مرجع التحصيل,
عملة التحصيل,
قيمة التحصيل,
تسليم المستندات مقابل,
تاريخ حق الدفعة,
الساحب,
المسحوب عليه,
رقم مرجع التحصيل,
رقم مرجعنا,
المسحوب عليه,
عملة التحصيل,
قيمة التحصيل,
الوضع الحالي,
رقم مرجع التحصيل,
الساحب,
رصيد التحصيل,
تاريخ حق الدفعة,
حالة الحركة لدى البنك,
تفاصيل التنازل,
تفاصيل التنازل,
تفاصيل التنازل,
تفاصيل التنازل,
البنك,
المصاريف,
عمولات,
تفاصيل المستندات,
المستندات,
البضائع,
التعليمات,
تفاصيل التعهدات,
رئيسي,
ملاحظات,
أخرى,
تفاصيل الاعتماد الاصلي الاخرى,
جهات الاعتماد,
شروط الدفع,
تفاصيل الشحن,
تفاصيل الشحن,
الشروط والاحكام,
تفاصيل الاعتماد المحول,
عموله للقبول غير المدفوعة(عملة المصاريف),
تاريخ القبول,
القيم الاضافية المغطاة (ان وجدت),
الشروط الاضافية,
مصاريف البنك المقدم الاضافية,
الرمز التعريفي للبنك المبلغ,
اسم البنك المبلغ,
هل تم تبليغ /عدم تبليغ الاعتماد من البنك العربي,
اشعار/اشعار مسبق العمولات,
تاريخ الاشعار,
رقم مرجع البنك المبلغ,
رقم مرجع البنك,
قيمة التعديل,
قيمة التعديل المؤجل,
قيمة التعديل المؤجل متضمنا نسبة التفاوت,
قيمة التعديل الاطلاع,
قيمة التعديل الاطلاع متضمنا نسبة التفاوت,
قيمة التعديل متضمنا نسبة التفاوت,
مصاريف التعديل,
عمولات التعديل,
تفاصيل التعديل,
تاريخ التعديل,
مؤشر التعديل,
الاجابة على التعديل,
نوع التعديل,
شهادة التحليل,
القواعد القابلة للتطبيق,
اشعار/اشعار مسبق العمولات غير المدفوعة (طالب الاصدار),
عمولات التعديل غير مدفوعة (طالب الاصدار),
قيمة العمولات الاجمالية,
رمز دولة طالب الاصدار,
طالب الاصدار,
اسم وعنوان طالب الاصدار,
اجمالي مصاريف الاتصالات غير المدفوعة ( طالب الاصدار),
العمولات الاجمالية المدفوعه( طالب الاصدار),
اجمالي التكاليف غير المدفوعة من طالب الاصدار,
المتنازل له,
بنك المتنازل له,
رقم الحساب,
الاسم والعنوان,
رمز السويفت,
القيمة المتنازل عنها,
الاسم والعنوان,
رقم الحساب,
الاسم والعنوان,
رمز السويفت,
القيمة المتنازل عنها,
الاسم والعنوان,
رقم الحساب,
الاسم والعنوان,
رمز السويفت,
القيمة المتنازل عنها,
الاسم والعنوان,
رقم الحساب,
الاسم والعنوان,
رمز السويفت,
القيمة المتنازل عنها,
الاسم والعنوان,
متاح بـواسطة,
الاسم والعنوان,
رمز السويفت,
الرمز التعريفي,
موافقة المستفيد المسبقة لتحويل,
أي أو جميع التعديلات,
الوضع الحالي,
عنوان المستفيد,
عمولات البنك المبلغ مدفوعة (المستفيد),
تبليغ المستفيد بواسطة,
اشعار/اشعار مسبق العمولات (المستفيد),
اشعار/اشعار مسبق العمولات غير المدفوعة (المستفيد),
مصاريف التعديل على (المستفيد),
عمولات التعديل (المستفيد),
عمولات التعديل غير مدفوعة (المستفيد),
وسيلة المراسلة,
الاسم والعنوان,
رقم مرجع المستفيد/ رقم مرجع بنك المستفيد,
تاريخ مرجع المستفيد/ تاريخ مرجع بنك المستفيد,
الرمز التعريفي,
رمز فرع المستفيد,
اسم فرع العميل,
اسم فرع العميل,
قيمة العمولات الاجمالية,
مصاريف الالغاء (غير مدفوعة من المستفيد),
عملة مصاريف المستفيد,
دولة المستفيد,
عمولة التعزيز على المستفيد,
عمولة التعزيز غير مدفوعة من المستفيد,
قيمة المستندات (المستفيد),
صافي قيمة المستندات (المستفيد),
رقم الفاكس او البريد الالكتروني للمستفيد,
رمز فرع المستفيد/حساب العميل,
المستفيد,
رمز الفرع / حساب العميل,
لغة المستفيد,
اسم المستفيد,
المستفيد,
ملاحظات المستفيد,
المصاريف الاخرى (المستفيد),
المصاريف الاخرى غير المدفوعة (المستفيد),
رد المستفيد,
الرقم الفرعي لحساب المستفيد,
القيمة الاجمالية الواجب دفعها,
اجمالي مصاريف الاتصالات ( المستفيد),
اجمالي مصاريف الاتصالات المدفوعة من المستفيد (عملة محلية),
اجمالي مصاريف الاتصالات غير المدفوعة ( المستفيد),
اجمالي مصاريف الاتصالات غير المدفوعة ( المستفيد),
العمولات الاجمالية المدفوعه( المستفيد),
العمولات الاجمالية المدفوعة من المستفيد ( عملة محلية),
العمولات الاجمالية غير المدفوعه( المستفيد),
اجمالي التكاليف غير المدفوعة من المستفيد,
اجمالي التكاليف المدفوعة من المستفيد,
اجمالي التكاليف غير المدفوعة من المستفيد,
عمولة التداول (غير مدفوعة من المستفيد),
اجمالي التكاليف غير المدفوعة من المستفيد,
شهادة المستفيد/ شهادة تفتيش,
بوليصة الشحن البحري,
البنك عزز,
تعليمات التعزيز,
التزام البنك العربي,
معلومات البنك المصدر,
بوليصة الشحن الجوي/شهادة الصحة,
رمز الفرع,
رقم التداول,
رقم مرجع التسديد,
قيمة العمولات الاجمالية,
شهادة الوزن,
رقم الحساب الذي ستقيد عليه المصاريف,
عملة حساب المصاريف,
رقم حساب المصاريف,
الرقم الفرعي لحساب المصاريف,
اجمالي التكاليف غير المدفوعة من المستفيد ( عملة المصاريف),
الرقم الفرعي للقيد على حساب المصاريف,
تفاصيل المصاريف,
المصاريف,
المصاريف تدفع عند,
المصاريف قابلة للدفع بواسطة,
القيمة الاجمالية الواجب دفعها ( االمصاريف),
تاريخ تدقيق المستندات,
عملة المطالبة,
قيمة السحب (المطالب بها),
رمز السويفت,
عمولات التعزيز,
تعليمات التعزيز,
رقم حساب التعهدات (قيد دائن),
الوضع الحالي,
الحساب,
تبليغ العميل بواسطة,
رمز الفرع / حساب العميل,
تاريخ حق العميل,
قيمة تخفيض الاعتماد,
تعديل / تخفيض القيمة,
تفاصيل الدفعة المؤجلة,
مكان وصول البضائع,
ميناء التفريغ,
المخالفات,
المخالفات المكتشفة,
تاريخ تبليغ المخافات,
مؤشر الخصم,
قيمة الخصم,
تعليمات التصرف بالمستندات,
قيمة المستندات,
القرار بخصوص المستندات,
المستندات المطلوب تقديمها,
حالة المستندات,
المستندات,
المستندات المقدمة,
حساب قيد المصاريف,
القيمة المقيدة على الحساب,
رقم حساب التعهدات (قيد مدين),
السحب,
قيمة السحب (عملة التقديم),
قيد قيمة السحب للحساب الفرعي,
قيد قيمة السحب على الحساب الفرعي,
القيد لحساب تعهدات السحوبات,
رقم مرجع السحب,
السحب بعد,
رصيد السحوبات,
رقم مرجع التداول,
رقم التداول,
الرمز التعريفي,
الاسم والعنوان,
الاسم,
تاريخ حق الدفعة,
انشئت بواسطة,
سعر عملة الاساس,
سعر الصرف,
شكل رسالة السويفت,
ملاحظات,
تاريخ الانتهاء,
تاريخ الانتهاء,
مكان الانتهاء,
الجهة الصادر باسمها,
نوع الاعتماد,
نموذج الاعتماد,
القيد لحساب الاستاذ العام,
القيد على حساب الاستاذ العام,
وصف البضائع,
البضائع,
قيمة زيادة الاعتماد,
تعديل / زيادة القيمة,
شروط التسليم,
بوليصة التأمين,
نسبة الفائدة,
قيمة الفائدة,
الفائدة مدفوعة بواسطة,
الفاتورة,
مصاريف البنك المصدر (عملة الاعتماد),
مصاريف البنك المصدر (محلي),
رمز دولة البنك المصدر,
وسيلة المراسلة,
قرار البنك المصدر,
اسم البنك المصدر,
الاسم والعنوان,
رمز السويفت,
الرمز التعريفي,
نوع البنك المصدر,
تاريخ الاصدار,
آخر دفعة؟,
قيمة الاعتماد,
قيمة الاعتماد مؤجل,
قيمة الاعتماد الاصلية,
قيمة الاعتماد مع نسبة التفاوت (عملة الاساس),
قيمة الاعتماد اطلاع,
قيمة الاعتماد مع نسبة التفاوت,
قيمة الاعتماد مع نسبة التفاوت (عملة الاساس),
رصيد الاعتماد,
عملة الاعتماد,
قيمة السحب (عملة الاعتماد),
رقم الاعتماد,
رقم اعتماد البنك المصدر,
قيمة التقديم (عملة الاعتماد),
نوع الاعتماد,
الرقم الفرعي لحساب التعهدات / دائن,
الرقم الفرعي لحساب التعهدات / دائن,
الرقم الفرعي لحساب التعهدات / مدين,
الرقم الفرعي لحساب التعهدات / مدين,
شحن البضائع من,
ميناء التحميل,
المصاريف الاخرى غير المدفوعة (مستفيد محلي),
قيمة التقديم,
القيمة المسددة ( محلي ),
اخر تاريخ للشحن,
تاريخ الاستحقاق,
تفاصيل الدفعات المختلطة,
تفاصيل الدفعات المختلطة/المؤجلة,
عمولة التداول,
تاريخ التداول,
تاريخ الاستحقاق الجديد,
مكان الانتهاء الجديد,
قيمة الاعتماد الجديدة,
رصيد الاعتماد الجديدة,
بوليصة شحن غير قابلة للتجيير,
رقم التعديل,
عدد التنازلات,
عدد الايام,
رقم السحب,
عدد مرات السحب,
رقم الاعتماد,
مصدر الاعتماد ليس بنك,
ملاحظات,
الحالة التالية,
رقم حساب التعهدات القديم (دائن),
الرقم الفرعي القديم لتعهدات الاعتماد (دائن),
الرقم الفرعي القديم لتعهدات الاعتماد (مدين),
رقم حساب التعهدات القديم (مدين),
تاريخ الانتهاء القديم,
رصيد الاعتماد القديم,
شهادة المنشأ,
تفاصيل المصاريف الاخرى,
الاعتماد معزز بواسطة بنك,
التزامنا,
بيان التعبئة,
الشحن الجزئي,
التعليمات للبنك الدافع,
نوع الدفع,
نسبة التفاوت الموجبة/السالبة,
القيمة الاساسية المطالب بها,
قيمة الاطلاع ( عملة التقديم ),
القيمة الاجمالية الواجب دفعها ( التقديم),
قيمة التقديم (عملة التقديم),
رصيد التقديم,
مصاريف البنك المقدم,
عملة التقديم,
قيمة الدفعة المؤجلة (المستندات المقدمة),
رصيد الدفعة المؤجلة (المستندات المقدمة),
قيمة السحب (عملة التقديم),
فترة التقديم,
فترة التقديم,
عملة الاستلام,
تاريخ الاستلام,
تاريخ التبليغ,
تاريخ الحركة,
صافي القيمة المستلمة,
سبب الرفض,
الاسم والعنوان,
رمز السويفت,
حالة التغطية,
حالة الحركة لدى البنك,
اعتماد دوار,
المجموع,
ذاتية التصفية,
رصيد الاطلاع,
قيمة الاطلاع / المؤجل ( بعملة الاعتماد ),
فترة الشحن,
رصيد الاطلاع,
تعليمات خاصة,
التسديد بواسطة,
المدة ايام,
وصف المدة,
المدة ايام,
الخدمة خاضعة للرسوم,
الشروط والاحكام الخاصة بالبنك,
المستفيد الثاني,
تفاصيل التأمين,
تاريخ انتهاء الاعتماد المحول,
قيمة الاعتماد المحول,
اخر تاريخ للشحن للاعتماد المحول,
فترة التقديم للاعتماد المحول,
قيمة الوحدة المخفضة للاعتماد المحول,
تاريخ طلب الاعتماد المحول,
فترة الشحن  للاعتماد المحول,
تغيير وسيلة الشحن,
نسبة التفاوت الموجبة/السالبة,
تفاصيل نسبة التفاوت الموجبة/السالبة,
تفاصيل القيمة,
نسبة التفاوت,
الرصيد القابل التحويل,
وسيلة النقل,
تاريخ الحركة,
القيمة الاجمالية الواجب دفعها,
القيمة الاجمالية الواجب دفعها ( المستفيد),
اجمالي مصاريف الاتصالات ( العملة المحلية),
اجمالي مصاريف الاتصالات غير المدفوعة ( المحلية),
اجمالي مصاريف الاتصالات غير المدفوعة ( عملة المصاريف),
اجمالي التكاليف غير المدفوعة ( عملة المصاريف),
قيمة الاعتماد الاجمالية,
اجمالي السحوبات القائمة,
القيمة الاجمالية القابلة للدفع,
عملة المصاريف غير المدفوعة,
عملة المصاريف غير المدفوعة,
شهادة الباخرة,
طالب الاصدار,
تفاصيل التنازل,
تفاصيل التنازل الاول,
تفاصيل التنازل الثاني,
تفاصيل التنازل الثالث,
تفاصيل التنازل الرابع,
متاح مع بنك,
متاح مع بنك,
بنك المستفيد,
المصاريف,
تفاصيل المستندات,
المستندات,
المستندات المقدمة,
المسحوب عليه,
التعليمات,
البنك المصدر,
البنك المصدر,
رئيسي,
تفاصيل الاعتماد الاصلي الاخرى,
جهات الاعتماد,
شروط الدفع,
البنك المغطي,
البنك المغطي,
تفاصيل الشحن,
تفاصيل الاعتماد المحول,
رقم مرجع البنك المبلغ,
رقم الاعتماد,
رقم مرجع البنك المبلغ,
قيمة المستندات,
رقم الاعتماد,
عملة الاعتماد,
رقم مرجع البنك المبلغ,
رقم مرجع التداول,
اسم طالب الاصدار,
رقم الاعتماد,
رقم مرجع البنك المبلغ,
رقم الاعتماد,
رقم مرجع البنك المبلغ,
عملة الاعتماد,
الوضع الحالي,
قيمة الاعتماد,
الوضع الحالي,
تاريخ الانتهاء,
رقم الاعتماد,
طالب الاصدار,
رقم مرجع البنك المبلغ,
عملة الاعتماد,
قيمة الاعتماد,
تاريخ الانتهاء,
رقم الاعتماد,
طالب الاصدار,
اسم المستفيد,
رقم مرجع البنك المبلغ,
اسم طالب الاصدار,
اسم المستفيد,
عملة التقديم,
قيمة التقديم,
رقم الاعتماد,
رقم مرجع التداول,
رقم التبليغ,
رقم الاعتماد,
تاريخ الانتهاء,
رقم مرجع البنك المبلغ,
رصيد الاعتماد,
رقم الاعتماد,
عملة الاعتماد,
رقم مرجع البنك المبلغ,
رقم مرجع البنك المبلغ,
تاريخ الانتهاء,
الوضع الحالي,
حالة الحركة لدى البنك,
رقم الاعتماد,
رصيد الاعتماد,
من ع ند ,
المرجع الرئيسي,
اسم المنتج,
حقل شهادة المنشأ,
مصادق عليها بواسطة,
حقل بيان التعبئة,
الشيك,
تعليمات تعديل التحصيل,
تعليمات التحصيل,
المستندات,
رئيسي,
أخرى,
الرقم الفرعي لحساب المصاريف,
رقم حساب الدفع,
قيمة القبول,
اجمالي قيمة القبول (تحصيل),
قيمة القبول الثامن,
قيمة القبول العاشر,
قيمة القبول الثاني,
قيمة القبول الثالث,
قيمة القبول الرابع,
قيمة القبول الخامس,
قيمة القبول السادس,
قيمة القبول السابع,
قيمة القبول التاسع,
رصيد القبول (تحصيل),
رصيد الشيكات,
رصيد القبول الاول,
رصيد القبول العاشر,
رصيد القبول الثاني,
رصيد القبول الثالث,
رصيد القبول الرابع,
رصيد القبول الخامس,
رصيد القبول السادس,
رصيد القبول السابع,
رصيد القبول الثامن,
رصيد القبول التاسع,
تاريخ القبول,
تاريخ استحقاق القبول الاول,
رقم مرجع القبول,
اشعار الاستلام بواسطة,
تاريخ اشعار الاستلام,
قيمة القبول,
الاجراء المطلوب اتخاذه,
عموله مقبول مكفول (محلي),
تعديل,
تعليمات التعديل,
الردود,
رصيد,
المصاريف دفعت بواسطة,
رقم حساب المستفيد / رقم حساب المجير الاخير,
اسم وعنوان المستفيد/ المجير الاخير,
تعليمات الفاتورة,
نوع الفاتورة,
عمولة البنك المركزي (على حساب المسحوب عليه),
مصاريفنا على حساب,
مجموع قيم الشيكات,
قيمة الشيك الاول,
قيمة الشيك العاشر,
قيمة الشيك الثاني,
قيمة الشيك الثالث,
قيمة الشيك الرابع,
قيمة الشيك الخامس,
قيمة الشيك السادس,
قيمة الشيك السابع,
قيمة الشيك الثامن,
قيمة الشيك التاسع,
رقم الشيك الاول,
رقم الشيك العاشر,
رقم الشيك الثاني,
رقم الشيك الثالث,
رقم الشيك الرابع,
رقم الشيك الخامس,
رقم الشيك السادس,
رقم الشيك السابع,
رقم الشيك الثامن,
رقم الشيك التاسع,
رقم مرجع التحصيل النظيف,
رقم الشيك,
عمولات الوكيل (تحصيل),
قيمة التحصيل,
شهاة التحليل / نسخة,
شهاة التحليل / اصلية,
رصيد التحصيل,
عمولات البنك المحصل,
بوالص شحن / نسخة,
قائمة المقاطعة / نسخة,
قائمة المقاطعة / اصلية,
بوالص شحن / اصلية,
عملة التحصيل,
عملة تغطية التحصيل,
تاريخ انشاء التحصيل,
قيمة تخفيض التحصيل,
السحب / نسخة,
السحب / اصلي,
القيمة المسحوبة (التحصيل),
قيمة زيادة التحصيل,
الفاتورة / نسخة,
الفاتورة / اصلية,
قيمة التامينات (التحصيل),
رقم مرجع التحصيل,
شهادة المنشأ / اصلية,
مستندات اخرى / نسخة,
مستندات اخرى / اصلية,
بيان التعبئة / نسخة,
بيان التعبئة / أصلي,
قيمة الاطلاع,
قيمة الاطلاع ( تحصيل ),
رصيد الاطلاع ( تحصيل ),
نوع التحصيل,
شهادة الباخرة / نسخة,
شهادة الباخرة / اصلية,
شهادة الوزن / نسخة,
شهادة الوزن / اصلية,
قيمة المبلغ المحصل,
عملة المبلغ المحصل,
قيمة العمولات,
عملة العمولات,
القيمة المسحوبه (المغطي),
قيمة الشيك,
اسم وعنوان البنك المغطي,
الوضع الحالي,
الحساب,
عملة الدفع,
رمز فرع العميل,
اسم فرع العميل,
رمز الفرع / حساب العميل,
رمز فرع ورقم حساب المسحوب عليه,
القيمة المدفوعة (التغطية),
القيمة المدفوعة (التغطية -1),
القيمة المدفوعة (التغطية-2),
قيمة المستندات,
رقم مرجع المستندات,
المستندات المقدمة,
رقم مرجع السحب,
مصاريف القبول (على المسحوب عليه),
العنوان,
الرمز التعريفي لبنك المسحوب عليه,
اسم وعنوان بنك الساحب,
رقم مرجع بنك المسحوب عليه,
رقم حساب مصاريف المسحوب عليه,
رقم حساب مصاريف المسحوب عليه,
قيمة مصاريف المسحوب عليه,
عملة حساب مصاريف المسحوب عليه,
الرقم الفرعي لحساب المصاريف,
الرقم الفرعي لحساب مصاريف المسحوب عليه,
عمولات التحصيل (المسحوب عليه),
فرق العملة (المسحوب عليه),
مرجع المستندات (المسحوب عليه),
رقم حساب المسحوب عليه,
اسم المسحوب عليه,
الاسم والعنوان,
رقم حساب الدفع الاول للمسحوب عليه,
رقم حساب الدفع الثاني للمسحوب عليه,
العملة الاولى لحساب الدفع للمسحوب عليه,
العملة الثانية لحساب الدفع للمسحوب عليه,
الرقم الفرعي الاول لحساب الدفع للمسحوب عليه,
الرقم الفرعي الثاني  لحساب الدفع للمسحوب عليه,
المصاريف الاجمالية المدفوعة (المسحوب عليه),
رمز دولة الساحب,
عمولات التحصيل (الساحب),
رقم حساب الساحب,
الاسم والعنوان,
المصاريف الاجمالية المدفوعة (حساب دفع 1 الساحب),
المصاريف الاجمالية المدفوعة (الساحب),
تاريخ حق الدفعة,
الدفع كلي؟,
قيمة الدفعة الكلية,
وصف البضائع,
الرد من النظام,
تاريخ الفاتورة,
رقم الفاتورة,
الفائدة المترتبة على التاخير في الدفع,
عمولة القبول (عمله محلية),
قيمة التحصيل (عملة محلية),
رقم مرجع المراسل المحلي,
العملة المحلية,
المصاريف الاجمالية(المحلية),
اجمالي مصاريف الاتصالات ( المحلية),
تاريخ الاستحقاق الاول,
تاريخ الاستحقاق العاشر,
تاريخ الاستحقاق الثاني,
تاريخ الاستحقاق الثالث,
تاريخ الاستحقاق الرابع,
تاريخ الاستحقاق الخامس,
تاريخ الاستحقاق السادس,
تاريخ الاستحقاق السابع,
تاريخ الاستحقاق الثامن,
تاريخ الاستحقاق التاسع,
النسبة المئوية لدفعة العميل,
تفاصيل الدفعات المختلطة,
قيمة التامينات (تامين),
عملة التامينات,
قيمة تخفيض التامينات,
قيمة زيادة التامينات,
نسبة التامينات,
رقم حساب بنك المسحوب عليه الجديد,
رقم حساب المسحوب عليه الجديد,
اسم وعنوان بنك المسحوب عليه الجديد,
عدد السحوبات,
عدد مرات السحب,
رقم الدفعة,
الحالة التالية,
قيمة بوليصة التحصيل القديمة,
عملة بوليصة التحصيل القديمة,
دولة المنشأ,
الاسم,
الاسم والعنوان,
رمز السويفت,
دور البنك,
الدفع الجزئي مسموح به؟,
تاريخ الدفع,
تعليمات الدفع,
القيمة المسحوبه (الدفعة الاولى),
القيمة المسحوبه (الدفعة الثانية),
شروط الدفع تحصيل مستندي,
نوع الدفع,
شروط الدفع,
شروط الدفع تحصيل نظيف,
مصاريف البنك المقدم (التغطية),
الاحتجاج على,
رقم الشراء,
استفسارات,
تاريخ الاستلام,
اسباب اعادة المستندات,
سبب الرفض,
شروط الدفع تحصيل نظيف,
تسليم المستندات مقابل,
عنوان المرسل,
مصاريف البنك المرسل,
الاسم,
رقم مرجع المرسل,
رمز السويفت,
هل المرسل نفس الساحب ؟,
رقم حساب المرسل,
حالة الحركة لدى البنك,
تاريخ كتاب ارفاق المستندات,
تعليمات المرسل الى المستلم,
الرقم الفرعي لحساب المصاريف,
الرقم الفرعي لحساب المصاريف,
الرقم الفرعي لحساب التعهدات,
الرقم الفرعي لحساب التامينات,
الرقم الفرعي لحساب المصاريف غير المحصلة,
الرقم الفرعي لحساب مصاريف المسحوب عليه,
قيمة كفالة التخليص على البضائع,
قيمة التأمينات على كفالة التخليص,
رقم مرجع كفالة التخليص على البضائع,
قيمة الاطلاع,
رقم مرجع الاطلاع,
قيمة الاطلاع,
تعليمات خاصة,
المدة,
تاريخ وثيقة الشحن الاولى,
تاريخ وثيقة الشحن الثانية,
رقم وثيقة الشحن الاولى,
رقم وثيقة الشحن الثانية,
الشحن من,
الشحن الى,
رقم وثيقة الشحن الاولى,
رقم وثيقة الشحن الثانية,
تاريخ الحركة,
القيمة الاجمالية القابلة للدفع,
قيمة تامينات المستندات,
قيمة التامينات غير المحصلة,
عملة المصاريف غير المحصلة,
المصاريف والعمولات غير المحصلة (عملة التغطية),
اسم الباخرة/الناقل,
التنازل عن مصاريف البنك المرسل اذا رفضت,
التنازل عن مصاريف المرسل (نعم/لا),
طريقة الشحن الاولى,
طريقة الشحن الثانية,
الشيك,
تعليمات تعديل التحصيل,
تعليمات التحصيل,
المستندات,
المسحوب عليه,
الساحب,
رئيسي,
بنك محصل آخر,
بنك محصل آخر,
البنك المرسل,
رقم مرجع التحصيل,
قيمة التحصيل,
اسم الساحب,
عملة التحصيل,
رقم مرجع التحصيل,
رصيد التحصيل,
رقم مرجع التحصيل,
قيمة التحصيل,
اسم الساحب,
عملة التحصيل,
اسم الساحب,
عملة التحصيل,
قيمة التحصيل,
عملة التحصيل,
رقم مرجع التحصيل,
عملة التحصيل,
رصيد التحصيل,
رقم مرجع التحصيل,
رقم مرجع التحصيل,
رصيد التحصيل,
تاريخ حق الدفعة,
الوضع الحالي,
حالة الحركة لدى البنك,
رقم وثيقة الشحن الاولى,
رقم وثيقة الشحن الثانية,
رقم مرجع التحصيل,
حتى,
رصيد السحب,
القائم,
الرمز التعريفي للبنك الوسيط,
القيمة المضافة (اضافة عملة),
القيمة الاضافية (عملة المستندات),
قيمة الدفعة المقدمة,
عمولات الوكيل,
عمولات الوكيل الاول (عملة الوكيل الاول),
عمولات الوكيل الاول (عملة المستندات),
عمولات الوكيل الثاني (عملة المستندات),
مصاريف التعديل مدفوعة من,
عمولات التعديل (على العميل),
اضغط لتقديم طلب استنساخ اعتماد استيراد (صادر),
لا,
نعم,
قيمة المطالبة من طالب الاصدار (عملة المستندات),
قيمة المطالبة من طالب الاصدار(عملة التسديد),
قيمة مطالبة البنك المتداول (عملة المستندات),
القيمة المقيدة بعملة حساب العميل,
القيمة المقيدة بعملة المدين المستندي,
قيمة تعديل الاعتماد تخفيض,
شروط إضافية أخرى,
تعديل,
المستندات,
التعليمات,
رئيسي,
أخرى,
جهات الاعتماد,
شحنة / انتهاء,
"فاتورة تجارية موقعة،",
نسخ تشير شروط التسليم.,
يجب ان تكون الفاتورة التجارية الأصلية:,
"مصدقة من غرفة تجارية عربية أجنبية مشتركة في الدولة المصدرة(ان وجدت)، او من غرفة التجارة/الصناعة المحلية",
مصادق عليها من قبل السفارة / القنصلية,
إن وجدت في مكان المستفيد,
مصدقة من المجلس الصيني لترويج التجارة الدولية,
مجموعة اصلية كاملة من بوالص شحن بحري نظيفة (في العنابر) مكونه على الاقل من 2/2 بالنص الطويل على نماذج الناقل المطبوعة صادرة او مجيرة لامر البنك العربي ش.م.ع. وتظهر طالب الاصدار كمخطر,
وتظهر :,
اجور الشحن :,
مدفوع مسبقا,
تدفع عند الوصول,
اسم وعنوان وكيل شركة الشحن او ممثله في بلد الوصول,
الشحن بواسطة حاويات تبين الرقم المتسلسل للحاوية ورقم الختم,
شهادة صادرة من مالكي السفينة/القبطان/الناقل أو من احد وكلائهم,
تنص على أن السفينة الناقلة خاضعة لشرط مدونة الإدارة الآمنة (ISM)  والمدونــــة الدولية لأمن السفن والموانئ (ISPS),
وتظهر ان السفينه الناقلة :,
سفينة خط مؤتمر ملاحية,
تبحر على خطوط شحن منتظمة,
عضو في نادي تعويض وحماية,
وثيقة شحن بري,
وثيقة شحن سكة حديد,
وثيقة نقل بالطرق المائية الداخلية,
تظهر البضائع مجيرة لامر البنك العربي ش.م.ع. واخطار مقدم الطلب وتظهر اجور الشحن,
مدفوعة لغاية,
تدفع عند الوصول,
"وثيقة الشحن البري يجب ان تتضمن الشرط التالي "" نحن بموجب هذا نشهد بأن وثيقة الشحن البري هذه هي الوثيقة الوحيدة الصادرة بخصوص البضائع المبينة هنا ونحن نتحمل كامل المسؤولية هذه تبين ان هذه الشهادة غير صحيحة """,
بوليصة ( بوالص) الشحن الجوي,
"تظهر البنك العربي ش م ع كمجير لامره ، و طالب الإصدار كمخطر . بوليصة ( بوالص) الشحن الجوي يجب ان تبين رقم الرحلة والتاريخ الفعلي للشحن وعلامة ان اجور الشحن :",
مدفوع مسبقا,
غير محصلة,
ايصال بريدي,
"يظهر البنك العربي ش.م.ع. كمرسل إليه و مقدم الطلب كمخطر، وتظهر أجور الشحن",
مدفوع مسبقا,
على المستلم,
إيصال بريد خاص,
"يظهر البنك العربي ش.م.ع. كمرسل إليه و مقدم الطلب كمخطر، وتظهر أجور الشحن",
مدفوع مسبقا,
على المستلم,
شهادة منشأ,
صادرة عن غرفة التجارة / الصناعة / المصنعين / المستفيد / المنتج او المصدر على نموذج مستقل وتصرح بان البضائع من منشأ,
"ويظهر عليها اسم وعنوان المصنعين / المنتجين،",
مصدقة على نحو كامل من غرفة تجارة عربية أجنبية مشتركة في بلدة التصدير في حال وجودها وبخلاف ذلك من غرفة تجارة/صناعة محلية,
مصادق عليها من السفارة / القنصلية,
في حال وجودها في موقع المستفيد,
مصدقة على نحو كامل من المجلس الصيني لترويج التجارة الدولية,
بيان تعبئة,
يظهر,
شهادة وزن منفصلة تبين الوزن الاجمالي والوزن الصافي للبضاعة المشحونة,
بوليصة / شهادة تأمين,
صادرة بشكل قابل لنقل الملكية بقيمة الفاتورة مضافا عليها,
بالمئة وتظهر المطالبات واجبة الدفع في,
"لامر البنك العربي ش م ع وبغض النظر عن النسبة مع ذكر اسم وعنوان وكيل او ممثل شركة التامين في دولة طالب الاصدار ، وتظهر ان القسط مدفوع وتغطي الاخطار التالية : من المستودع الى المستودع النهائي",
شروط مجمع مكتتبي التامين على البضائع,
شروط مجمع مكتتبي التامين على البضائع – الجو,
جميع المخاطر (شرط العبور البري),
شروط الحرب والاضراب واعمال الشغب والتمرد المدني,
التامين على البضائع مغطى محليا,
من خلال:,
رصيد قيمة المستندات,
رصيد المستندات المؤجلة (عملة المستندات),
رصيد المدين المستندي/ الحركة (العميل),
قيمة اعتماد التصدير,
طالب الاصدار/ لحساب (نفسه),
اسم وعنوان البنك الوسيط,
تاريخ اشعار الاستلام,
عملة القيمة الاضافية,
القيم الاضافية المغطاة,
شروط إضافية أخرى,
تعليمات العميل الاضافية,
الشروط الاضافية - مضافة من المستخدم,
مصاريف البنك المقدم الاضافية,
يرجى الموافقشروط إضافيةالشروط اعلاه والاقرار بالموافقة على الشروط العامة لفتح الاعتمادات المستندية.,
شروط إضافية,
رمز دولة البنك المبلغ,
اسم دولة البنك المبلغ,
الرمز التعريفي للبنك المبلغ,
اسم وعنوان البنك المبلغ,
رمز السويفت,
قيمة الاعتماد دفعة مقدمة+اطلاع (عملة الاعتماد),
قيمة الاعتماد دفعة مقدمة+اطلاع مع نسبة التفاوت (عملة الاعتماد),
رقم مرجع تبليغ اعتماد التصدير,
الرمز التعريفي للبنك المبلغ من خلاله,
نوع الاشعار,
تعديل مقبول مكفول,
عمولات الوكيل الاول (عملة السحب),
اسم وعنوان الوكيل الاول,
عمولات الوكيل الثاني (عملة السحب),
اسم وعنوان الوكيل الثاني,
قيمة السحب المعدله,
تاريخ التعديل,
تاريخ طلب التعديل,
رقم مرجع التعديل,
نوع التعديل,
عنوان طالب الاصدار,
تبليغ طالب الاصدار بواسطة,
اسم الدولة,
تاريخ الطلب,
رمز الفرع / حساب العميل,
اسم طالب الاصدار,
متاح بـواسطة,
الرمز التعريفي للبنك المتاح معه,
"بنك المستفيد  (A,D)",
اسم وعنوان بنك المستفيد,
رمز السويفت,
رمز دولة المستفيد,
اسم دولة المستفيد,
رقم حساب المستفيد,
اسم المستفيد,
اسم وعنوان المستفيد,
رقم مرجع البنك المبلغ,
تاريخ بوليصة الشحن البحري/الجوي,
رقم بوليصة الشحن البحري/الجوي,
تاريخ بوليصة الشحن,
رقم بوليصة الشحن,
رمز الفرع / حساب العميل,
اسم الفرع,
رقم حساب طالب الاصدار,
حساب المصاريف,
تفاصيل المصاريف,
المصاريف مدفوعة بواسطة,
المصاريف المتوجب اضافتها,
المصاريف الواجب اقتطاعها,
بوليصة شحن بحري خاصة بسفن مستأجرة,
قيمة المطالبة (سحوبات),
دولة المقصد,
حساب العمولات,
اسم و عنوان البنك المعزز,
رمز السويفت للبنك المعزز,
رسوم التعزيز على,
تعليمات التعزيز,
رسوم البنك المراسل  والعمولات على,
وسيلة المراسلة البنك المبلغ,
قيمة الاعتماد المؤجل مع نسبة التفاوت (عملة التغطية),
قيمة الاعتماد دفعة مقدمة+اطلاع مع نسبة التفاوت (عملة التغطية),
عملة التغطية,
قيمة الاعتماد مع نسبة التفاوت بعملة التغطية,
اعتماد الضمان متاح من خلال,
الوضع الحالي,
حساب التامينات,
رقم الحساب الذي ستقيد عليه المصاريف,
حساب المصاريف,
الرقم الفرعي لحساب العميل للمصاريف,
القيمة المقيدة بعملة حساب العميل,
تعليمات العميل / المستندات الإضافية المطلوبة,
تعليمات العميل الاضافية,
عمولة الاصدار (العميل),
اجمالي مصاريف الاتصالات ( عملة العميل محلية ),
رقم مرجعنا,
طريقة تسديد العميل,
اجمالي مصاريف الاتصالات ( العميل ),
اجمالي التكلفة على العميل (عملة العميل),
اجمالي التكلفة (عملة العميل المحلية),
تاريخ حق العميل,
عكس تعهدات الاطلاع بعملة التغطية,
تخفيض القيمة بـمبلغ,
القيمة الاجمالية المؤجلة الدفع,
قيمة الاعتماد المؤجل مع نسبة التفاوت (عملة الاعتماد),
آجال الدفعة المؤجلة/التداول,
قيمة الاعتماد الدوار مع نسبة التفاوت بعملة التغطيه (مؤجل),
رمز دولة المقصد,
اسم دولة المقصد,
مكان وصول البضائع,
ميناء التفريغ,
القرار,
مؤشر المخالفات,
تفاصيل المخالفات,
المخالفات المكتشفة,
تاريخ تبليغ المخالفات,
"إن مسودة الاعتماد المستندي أولية وغير ملزمة للبنك العربي ش. م. ع، ويتم تقديمها حصراً لأغراض الاطلاع والمراجعة بناءً على طلب العملاء. الشروط والأحكام المذكورة في هذه المسودة قابلة للتعديل، ولن يترتب على البنك العربي ش. م. ع نتيجة عن إصدارها أي مسؤولية أو التزام قانوني لإصدار الاعتماد المستندي.",
قيمة المستندات (عملة المستندات),
عملة المستندات,
تاريخ التقديم,
القرار بخصوص المستندات,
التصرف بالمستندات,
المستندات المطلوبة,
المستندات المطلوب تقديمها,
حالة المستندات,
قيمة السحب,
قيمة تخفيض السحب,
قيمة زيادة السحب,
عملة السحب,
تاريخ استحقاق السحب,
اصل السحب,
رقم مرجع السحب,
السحب بعد,
رقم مرجع التداول,
رقم التداول,
رقم حساب المسحوب عليه,
اسم المسحوب عليه,
تاريخ الاستحقاق,
تاريخ انتهاء اعتماد التصدير,
تاريخ الانتهاء,
تاريخ انتهاء الاعتماد,
مكان الانتهاء,
الاجمالي ( المطالب به + التأمينات )التامينات / التسديد,
حساب الجهة الصادر باسمها,
نموذج الاعتماد,
تقديم المستندات بواسطة,
مصاريف الشحن,
مصاريف الشحن مدفوعة لغاية,
تغطية مقدمة,
تقديم المستندات بواسطة,
وصف البضائع,
اسم البضائع,
زيادة القيمة بـمبلغ,
شروط التسليم,
مكان شرط التسليم,
تعليمات شروط التسليم,
تاريخ انتهاء بوليصة التأمين,
رقم بوليصة التأمين,
حالة التأمين,
التعليمات الى البنك الدافع/المبلغ/المتداول,
قيمة الفائدة (السحب),
نسبة الفائدة,
تاريخ الاصدار,
آخر تداول؟,
تاريخ آخر دفعة,
قيمة الاعتماد,
قيمة الدفعة المؤجلة,
قيمة الاعتماد مؤجل (عملة الاعتماد),
قيمة الاطلاع,
قيمة الاعتماد اطلاع (عملة الاعتماد),
اجمالى التزامات العميل القائمة تجاه البنك,
عملة الاعتماد,
رقم الاعتماد,
رقم الاعتماد,
نوع الاعتماد,
قيمة الاعتماد دفعة مقدمة+اطلاع مع نسبة التفاوت (عملة محلية),
مصاريف التعديل (عملة الاعتماد),
عمولات التعديل (عملة الاعتماد),
اجمالي العمولات المستوفاة من العميل ( عملة محلية ),
قيمة الاعتماد المؤجل مع نسبة التفاوت (عملة محلية),
اجمالي مصاريف الاتصالات ( عملة محلية ),
شحن البضائع من,
ميناء التحميل,
مصاريف العمولات الاجمالية (المحلية),
اخر تاريخ للشحن,
وسيلة النقل,
العلاقة بين وسائل النقل,
وسيلة النقل الاولى,
وسيلة النقل الثانية,
نوع تعديل التامينات,
عملة حساب تامينات العميل,
تفاصيل الدفعات المختلطة,
تفاصيل الدفعات المختلطة الاضافية,
تفاصيل الدفعات المختلطة/المؤجلة,
الدفعات المختلطة,
عملة حساب تامينات العميل,
عملة التامينات,
الرقم الفرعي لحساب تامينات العميل,
سحب متعدد,
نسبة التفاوت السالبة,
اسم وعنوان البنك المتداول,
رقم مرجع البنك المتداول,
تاريخ الاستحقاق الجديد,
قيمة الاعتماد الجديدة,
نسبة التفاوت الجديدة,
رقم التعديل,
عدد الايام,
عدد مجموعات المستندات,
رقم التداول,
عدد مرات السحب,
عدد الدورات بدون الدورة الاولى,
ملاحظات,
الحالة التالية,
رمز دولة المنشأ الاولى,
رمز دولة المنشأ الثانية,
اسم دولة المنشأ الاولى,
اسم دولة المنشأ الثانية,
قيمة الاعتماد الاصلية مؤجل,
منشأ البضاعة الاول,
منشأ البضاعة الثاني,
قيمة الاعتماد الاصلية اطلاع,
التعديلات الاخرى,
القيمة المقيدة سحوبات مقبولة مكفولة مدفوعة,
السحب الجزئي,
الشحن الجزئي,
القيمة,
قيمة الاطلاع بدون نسبة التفاوت,
القيمة,
القيمة المؤجله بدون نسبة التفاوت,
القيمة,
القيمة,
القيمة,
القيمة,
القيمة الاجمالية,
نسبة,
نسبة,
نسبة,
نسبة,
نسبة,
نسبة,
تفاصيل الدفعات,
مؤشر الدفع,
شروط الدفع,
طريقة التسديد,
نسبة التفاوت الموجبة/السالبة,
نسبة التفاوت الموجبة,
قيمة التقديم,
رصيد التقديم,
عكس تعهدات الاطلاع بعملة التغطية,
مصاريف البنك المقدم,
عملة التقديم,
عدد ايام التقديم,
حدث فترة التقديم,
فترة التقديم,
تفاصيل خطاب الاعتماد السابقة,
الرقم الاساسي لحساب تامينات العميل,
قيد القيمة الاساسية على حساب,
فيما يتعلق  (الغرض من اعتماد الضمان),
تاريخ الاستلام,
سبب الرفض,
مصاريف البنك المغطي,
رسوم البنك المغطي على,
حالة الحركة لدى البنك,
نوع الاعتماد الدوار,
نوع الدفع,
نوع الدفع,
نوع الدفع,
نوع الدفع,
نوع الدفع,
نوع الدفع,
رقم مرجع كفالة التخليص على البضائع/اذن التسليم,
قيمة تعديل الاعتماد اطلاع (عملة الاعتماد),
القيمة الاجمالية اطلاع مع نسبة التفاوت,
تاريخ الشحن,
فترة الشحن,
اطلاع,
تعليمات خاصة,
حساب التسديد,
رسالة السويفت,
شروط,
المدة ايام /نوع,
المدة ايام,
المدة ايام,
المدة ايام,
المدة ايام,
المدة ايام,
المدة ايام,
يرجى الموافقه على الشروط بإختيار اشاره الصح في المربع أدناه .,
يرجى الموافقة على الشروط الإضافية اعلاه والاقرار بالموافقة على الشروط العامة لفتح الاعتمادات المستندية.,
الخدمة خاضعة للرسوم,
السحب بعد,
قبول/تعديل/حذف مسودة لاعتماد استيراد (صادر),
تغيير وسيلة الشحن,
تغيير وسيلة الشحن في,
تفاصيل نسبة التفاوت الموجبة/السالبة,
عبور / منطقة حرة,
تاريخ الحركة,
مصاريف طالب الاصدار الاجمالية ( المصاريف),
مصاريف طالب الاصدار الاجمالية ( عملة المستندات ),
اجمالي المصاريف المطلوبة من طالب الاصدار (عملة المستندات),
القيمة الاجمالية الواجب دفعها (التسديد),
الاجمالي ( المطالب به + التأمينات ) المستندات,
الاجمالي ( المقيد على الحساب + المصاريف ) عملة المستندات,
اجمالى التزامات العميل القائمة تجاه البنك,
قيمة الاعتماد مع نسبة التفاوت بالعملة االمحلية,
اجمالي السحوبات القائمة,
القيمة الاجمالية,
القيمة الاجمالية القابلة للدفع,
شهادة الباخرة,
شهادة الباخرة تظهر,
اسم الباخرة,
مصاريف الشحن,
مصاريف الشحن مدفوعة لغاية,
الاول,
الثاني,
الثالث,
الرابع,
الخامس,
السادس,
اسم وعنوان البنك المبلغ من خلاله,
طالب الاصدار,
اسم وعنوان البنك المتاح معه,
المستفيد,
بنك المستفيد,
المستندات المطلوبة,
اسم وعنوان الجهة الصادر باسمها,
الجهة الصادر باسمها,
اسم وعنوان شركة التامين,
هل الجهة التي سيصدر باسمها الاعتماد هي نفس طالب الاصدار ؟,
قيمة تعديل الاعتماد زيادة,
ادخل اسم الفرع,
قيمة الفائدة (عملة المصاريف),
قيمة الفائدة (العميل),
لا,
نعم,
قيمة الدفعة المقدمة على الاعتماد (عملة الاعتماد),
قيمة تعديل الاعتماد (عملة الاعتماد),
قيمة تعديل الاعتماد مؤجل (عملة الاعتماد),
قيمة قيد تعديل الاعتماد مؤجل,
قيمة قيد تعديل الاعتماد اطلاع,
قيمة الاعتماد الدوار مع نسبة التفاوت بعملة التغطيه (دفعة مقدمة+اطلاع),
قيمة الاعتماد الدوار مع نسبة التفاوت بعملة التغطيه (مؤجل),
قيمة الاعتماد مؤجل,
قيمة الاعتماد اطلاع,
رصيد الاعتماد المؤجل,
قيمة تعهدات الاعتماد الاصلية,
رصيد الاعتماد اطلاع,
عكس تعهدات الاطلاع (عملة الاعتماد),
اعادة التامينات (عملة التامينات),
اعادة التامينات (عملة التسديد),
قيمة تامينات الاطلاع (عملة المستندات),
قيمة تامينات الاطلاع (عملة التامينات),
تعديل قيمة التامينات (عملة التامينات),
تعديل قيمة التامينات (عملة التامينات),
تعديل قيمة التامينات (عملة تامينات العميل),
التامينات الفرعية,
الرقم الاساسي لحساب تامينات العميل,
صافي القيمة الواجب دفعها (عملة المستندات),
رقم السحب,
عدد مرات السحب,
عدد الشهور,
عدد كفالات التخليص واذونات التسليم القائمة,
قيمة كفالة التخليص/ اذن التسليم,
اجمالي مصاريف الاتصالات ( العميل ),
اجمالي التداولات القائمة,
اجمالي السحوبات القائمة,
اجمالي المدين المستندي,
اجمالي قيمة كفالات التخليص/اذونات التسليم القائمة,
شحنه / انتهاء,
رقم مرجعنا,
رقم الاعتماد,
الوضع الحالي,
رقم الاعتماد,
اسم طالب الاصدار,
رقم مرجع التداول,
اسم طالب الاصدار,
رقم الاعتماد,
رقم مرجع التداول,
رقم مرجعنا,
عملة الاعتماد,
قيمة الاعتماد,
تاريخ الانتهاء,
رقم الاعتماد,
اسم المستفيد,
رقم مرجعنا,
عملة التقديم,
قيمة التقديم,
رقم مرجع التداول,
اسم طالب الاصدار,
رقم مرجعنا,
اسم طالب الاصدار,
اسم المستفيد,
رقم مرجعنا,
اسم طالب الاصدار,
رقم الاعتماد,
رقم مرجعنا,
اسم طالب الاصدار,
رقم مرجعنا,
رقم الاعتماد,
رقم مرجعنا,
رقم الاعتماد,
حالة الحركة,
رقم مرجعنا,
الوضع الحالي,
رقم الاعتماد,
اسم طالب الاصدار,
وضع الحركة المعاد,
رقم مرجعنا,
اجمالى التزامات العميل القائمة تجاه البنك,
تاريخ الانتهاء,
الوضع الحالي,
ا س تح قاق ,
حالة الحركة لدى البنك,
اسم المستفيد,
صدر ,
تاريخ الاصدار,
رقم الاعتماد,
اسم طالب الاصدار,
رقم مرجعنا,
قيمة السحب,
القائم,
حتى,
الرقم المرجعي للسحب,
تاريخ استحقاق السحب,
خطأ .,
 د,
عرض المبلغ,
تفاصيل التعديل,
نص الكفالة,
رئيسي,
جهات الاعتماد,
قبول او رفض,
رقم التبليغ,
رقم مرجع الكفالة المقابلة,
الاشعارات,
تفاصيل التعديل,
تاريخ التعديل,
عنوان البنك,
اسم البنك,
العنوان,
رمز دولة المستفيد,
اسم المستفيد,
التزام البنك,
عملة وقيمة المطالبة,
تفاصيل المطالبة,
الحساب,
رمز الفرع / حساب العميل,
تعليمات العميل / المستندات الإضافية المطلوبة,
تخفيض القيمة بـمبلغ,
انشئت بواسطة,
تاريخ الانتهاء,
مكان الانتهاء,
نوع الانتهاء,
رصيد الكفالة,
عملة ومبلغ الكفالة,
رقم الكفالة,
نص الكفالة,
زيادة القيمة بـمبلغ,
طبيعة المطالبة,
تاريخ الاستحقاق الجديد,
قيمة الكفالة الجديدة,
رقم التعديل,
رقم المطالبة,
نوع الدفع / مطالبة,
غرض الكفالة,
تاريخ الاستلام,
سبب الرفض,
رسالة السويفت,
تاريخ الاصدار,
تفاصيل التعديل,
طالب الاصدار,
المستفيد,
تفاصيل الالتزام,
رقم مرجع الكفالة المقابلة,
رقم التعديل,
تاريخ التعديل,
رقم الكفالة,
اسم طالب الاصدار,
رقم الكفالة,
قيمة الكفالة,
اسم طالب الاصدار,
عملة الكفالة,
رقم مرجع الكفالة المقابلة,
رقم الكفالة,
قيمة الكفالة,
رصيد الكفالة,
تاريخ الانتهاء,
الوضع الحالي,
اسم طالب الاصدار,
عملة الكفالة,
نسبة التفاوت للمطالبات لبوليصة او شهادة التامين,
حقل قابل للدفع في,
رئيسي,
الرمز التعريفي لفرع  طالب الاصدار,
رقم المراسلة,
رقم الخبر,
الرساله موجهة الى,
تاريخ انشاء الرسالة,
تاريخ الاجابة/المتابعة,
لجميع المستخدمين,
وصف الرسالة,
تاريخ الرسالة,
الاجابة الى,
عنوان الرساله,
اسم المنتج,
تاريخ الرسالة السابقة,
وصف الرسالة السابقة,
رقم المرجع المعني,
رقم مرجع البنك المعني,
الموضوع,
الاجابة/المتابعة,
رقم المراسلة,
عنوان الموضوع,
عنوان الرساله,
رقم المرجع المعني,
اسم المنتج,
عنوان الرساله,
رقم الخبر,
الموضوع,
العنوان,
رقم المرجع,
الفرع / رمز العميل,
وصف,
قيمة الفائدة,
عملة تسديد قيمة الفائدة,
سعر الفائدة,
تاريخ الاصدار,
تاريخ الاستحقاق,
الاسم,
قيمة ايصال الامانة,
 تاريخ وثيقة النقل,
رقم وثيقة النقل,
رصيد ايصال الامانة,
عملة ايصال الامانة,
رقم مرجع ايصال الامانة,
قيمة تسديد ايصال الامانة,
اسم الباخرة,
رقم المرجع الرئيسي,
الرصيد,
تاريخ الاستحقاق,
الوضع الحالي,
ذات صلة,
اسم طالب الاصدار,
المبلغ,
تفاصيل التعديل,
تعليمات البنك,
تفاصيل الالتزام,
نص الكفالة,
رئيسي,
أخرى,
التعديلات الاخرى,
جهات الاعتماد,
قبول او رفض الطلب,
تاريخ طلب التعديل,
التعديلات الاخرى,
نوع التعديل,
عنوان طالب الاصدار,
اسم الدولة,
تاريخ الطلب,
اسم طالب الاصدار,
تجديد التلقائي,
الموقع,
المدينة,
الدولة,
الموقع,
المدينة,
الدولة,
الاسم,
بنك المستفيد,
رمز السويفت,
رمز دولة المستفيد,
اسم المستفيد,
عنوان المستفيد,
اسم البنك,
تاريخ الالغاء,
سبب الالغاء,
حساب المصاريف,
عملة المصاريف,
عملة وقيمة المطالبة,
تاريخ المطالبة,
رقم المطالبة,
الرد على المطالبة,
تفاصيل جهة الاتصال,
نسبة العمولات,
قيمة وعملة العقد,
تفاصيل العقد,
رقم العقد,
الوضع الحالي,
الحساب,
رقم حساب العميل للمصاريف,
رقم حساب العميل الفرعي,
رمز الفرع / حساب العميل,
تعليمات العميل / المستندات الإضافية المطلوبة,
التأكيد على الموافقة1,
تأكيد على الموافقة2,
تأكيد على الموافقة3,
تأكيد على الموافقة4,
تأكيد على الموافقة5,
رقم مرجعنا,
تخفيض القيمة بـمبلغ,
تعليمات التسليم,
انشئت بواسطة,
تاريخ الانتهاء,
تاريخ انتهاء الكفالة,
مدة الانتهاء,
مكان الانتهاء,
نوع الانتهاء,
الموقع,
المدينة,
الدولة,
الاسم,
عنوان الطرف المكفول,
نموذج الكفالة,
قيمة الكفالة بالكلمات,
رصيد الكفالة,
رصيد الكفالة,
عملة ومبلغ الكفالة,
عملة ومبلغ ورصيد الكفالة,
رصيد الكفالة,
الوصف المختصر لغرض الكفالة,
نموذج الكفالة,
رقم الكفالة,
غرض الكفالة,
نوع الكفالة,
نص الكفالة,
تفاصيل الكفالة,
زيادة القيمة بـمبلغ,
عملات متعددة (نعم/لا),
هل طالب الاصدار هو نفس المكفول ؟,
لا,
نعم,
تاريخ الاصدار,
اللغة,
رصيد الكفالة بالعملة المحلية,
مجموع مصاريف الكفالة غير المدفوعة,
نوع الضمان,
الرقم الفرعي لحساب المصاريف,
حساب التامينات,
عملة التامينات,
الحساب الفرعي للتامينات,
قيمة التامينات,
رصيد التامينات,
عملة التامينات,
حساب تغذية التامينات,
الرقم الفرعي لحساب تغذية التامينات,
طبيعة المطالبة,
تاريخ استحقاق الكفالة الجديد,
نوع الاستحقاق الجديد,
قيمة الكفالة الجديدة,
لا يوجد تاريخ انتهاء,
رقم التعديل,
رقم المطالبة,
ملاحظات,
عدد الايام,
عملة دفع المصاريف,
رقم مرجع الشركة الام,
نوع الدفع / الرد على المطالبة,
عنوان فرع التقديم,
اسم فرع التقديم,
غرض الكفالة,
سبب الرفض,
حالة الحركة لدى البنك,
القيمة المحددة,
يرجى الموافقة على الشروط اعلاه والاقرار بالموافقة على الشروط العامة للكفالات .,
قيمة العمولات الاجمالية,
اجمالي المصاريف المدفوعة,
اجمالي المصاريف غير المدفوعة,
تاريخ التعديل,
تاريخ بدء السريان,
طالب الاصدار,
المستفيد,
بنك المستفيد,
الجهة الصادر باسمها,
الطرف المكفول,
الطرف المكفول,
رقم مرجعنا,
عملة المطالبة,
قيمة المطالبة,
رقم المطالبة,
الوضع الحالي,
حالة الحركة لدى البنك,
اسم المستفيد,
تاريخ الانتهاء,
رقم مرجعنا,
قيمة الكفالة,
عملة الكفالة,
قيمة الكفالة,
تاريخ الانتهاء,
اسم المستفيد,
رقم الكفالة,
اسم المستفيد,
عملة الكفالة,
رقم الكفالة,
رقم مرجعنا,
عملة الكفالة,
قيمة الكفالة,
رصيد الكفالة,
تاريخ الاستحقاق,
تاريخ الانتهاء,
الوضع الحالي,
حالة الحركة لدى البنك,
حالة الحركة لدى البنك,
تاريخ الاصدار,
اسم الطرف المكفول,
رقم الكفالة,
اسم المستفيد,
طريقة كتابة القيمة,
عينة طريقة كتابة القيمة,
العملة الاساسية,
مجموعة البنك,
تغيير الرمز السري عند الدخول التالي,
تاكيد الرمز السري,
طريقة كتابة التاريخ,
اسم الشركة,
اسم الشركة الاساسي,
كلمة السر,
غير مفعلة/معلقة,
هل هو بنك؟,
اللغة,
الشركة الام,
الرقم المبدئي للمرجع,
الرقم الفرعي للمرجع,
رقم حساب الشركة (رمز الفرع + حساب العميل),
الرمز التعريفي للمجموعة,
اسم المجموعة,
اسم الشركة,
اسم مجموعة الشركات,
اسم المستخدم,
تفاصيل قاعدة التعريف,
رمز المستخدم,
رمز قاعدة التعريف,
فئة الضمانة,
العملة,
تاريخ بدء السريان,
عنوان البريد الالكتروني,
البريد الالكتروني للشركة,
تاريخ الانتهاء,
مستوى اجازة الحركة,
اجازة الحركة من نفس المستخدم,
عدم السماح لمنشئ المعاملة بالموافقة عليها,
عدد محاولات اعادة الدخول,
محاولات دخول متعددة,
تسلسل كتابة المرجع,
مدى التسلسل,
مستوى,
مستوى اجازة الحركة,
السقف,
سقف الحركة,
غير سارية بدون توقيع,
نوع الحركة,
البريد الالكتروني المعرف مسبقا,
رمز الدولة,
البريد الالكتروني لمدير العلاقة,
اسم قاعدة التعريف,
مسمى قاعدة اجازة الحركة,
تسلسل اجازة الحركة,
الرقم التسلسلي لجهاز التوكن,
عنوان الشركة,
تفعيل /عدم تفعيل المستخدم,
معلومات الدفعة المقدمة,
المعلومات الاساسية,
الشركة الفرعية (الابن),
فعالية التنازل,
قائمة الشركة,
معلومات كلمة السر,
المعلومات العامة,
تعليمات البنك,
نص التعويض,
رئيسي,
جهات الاعتماد,
تفاصيل / نص كفالة الشحن,
العنوان,
اسم طالب الاصدار,
العنوان,
اسم المستفيد,
رمز الفرع / حساب العميل,
رقم مرجعنا,
رقم المرجع,
حساب المصاريف,
عملة المصاريف,
الحاوية رقم 1,
الحاوية رقم 2,
رمز الفرع / حساب العميل,
تعليمات العميل / المستندات الإضافية المطلوبة,
ملاحظات,
رقم مرجع الكفالة,
ميناء التفريغ,
ميناء التحميل,
مؤشر المستندات المستلمة,
وصف البضائع,
عملة وقيمة كفالة التخليص على البضائع,
عملة وقيمة المستندات,
رقم الكفالة,
رقم الفاتورة,
تاريخ الاصدار,
رقم الاعتماد,
رقم الاعتماد/بوليصة التحصيل,
حساب التامينات,
تاريخ الاستحقاق,
نوع الشحن,
بواسطة الجو,
أخرى,
بواسطة البر,
بواسطة البحر,
سبب الرفض,
حالة الحركة لدى البنك,
كفالة تخليص على البضائع/ اذن تسليم ؟,
اذن تسليم,
كفالة تخليص البضائع,
عنوان شركة الشحن,
اسم الشركة,
اسم شركة الشحن /  وكيل الشحن,
شحن البضائع من,
الشحن من,
رقم الرحلة,
اسم الباخرة/رقم الرحلة,
العنوان,
اسم المنتج,
بوليصة,
اعتماد,
تاريخ وثيقة الشحن الاولى,
تاريخ وثيقة الشحن الاولى,
تاريخ وثيقة الشحن الثانية,
رقم وثيقة الشحن الاولى,
رقم وثيقة الشحن الاولى,
رقم وثيقة الشحن الثانية,
مكان وصول البضائع,
الشحن الى,
تاريخ الطلب,
اسم الباخرة/الناقل,
طالب الاصدار,
تفاصيل المستفيد,
تفاصيل شركة الشحن,
تفاصيل الشاحن,
رقم مرجعنا,
عملة الكفالة,
قيمة الكفالة,
رقم مرجعنا,
عملة الكفالة,
قيمة الكفالة,
رقم مرجعنا,
قيمة الكفالة,
عملة الكفالة,
قيمة الكفالة,
رقم الكفالة,
رقم المرجع المعني,
عملة الكفالة,
شركة الشحن,
رقم مرجعنا,
عملة الكفالة,
العنوان,
رمز دولة البنك,
الاسم,
رمز السويفت,
محتوى الشرط,
وصف الشرط,
اسم الشرط,
النوع,
المنتج,
اغلاق الرسالة ؟,
رقم الحساب,
عملة الحساب,
تاريخ بدء السريان,
تاريخ الانتهاء,
حقل الشرط,
الحقول,
لجميع الشركات,
وصف,
الرمز التعريفي,
الموضوع,
العنوان,
العنوان,
الاسم,
رمز السويفت,
رمز الدوله,
الرمز التعريفي,
الاسم,
نوع الطرف,
معلومات الشرط,
معلومات الطرف,
بنك الطرف,
المسند اليه الاخير,
المحول اليه الجديد,
نموذج,
رمز الشركة,
فعالية,
النوع,
معلومات النموذج,
الحقول المراد تظهيرها,
الحقول المراد تصديرها,
قائمه الحقول,
إضافة مرفقات,
رفع/مشاهدة المستندات,
اخفاء,
اظهار,
مقارنة,
مشاهدة التوثيق,
ازالة,
مشاهدة,
مشاهدة,
تنقية البحث,
أعادة الوضع كما كان سابقا,
مساعدة,
الصفحة الرئيسية,
ساعة,
دقيقة,
إضفاء الطابع الشخصي,
ثان,
تسجيل الخروج,
مستخدم,
الغاء,
تاكيد,
الغاء,
تاكيد,
حذف,
تمرير,
الغاء,
تاكيد,
الغاء,
ازالة,
تاكيد,
حذف,
طباعة,
تمرير,
حفظ,
حفظ النموذج,
اسم الملف,
نوع الملف,
الحدث المعني,
تنقية البحث,
النص,
لا,
الداله,
أعادة الوضع كما كان سابقا,
البحث عن,
نعم,
يوكل الى,
نوع التحكم,
خاص,
عام,
رمز النموذج,
اسم النموذج,
الاستمرار,
"لتمديد فترة الجلسة , يرجى النقر على استمرار",
ثواني,
وقت الجلسة الخاص بكم سينتهي. سوف يتم حفظ بيانات الحركة وسيتم تسجيل خروجكم واعادة دخولكم,
يبدأ في,
اضافه,
البنك,
الشركه,
أسفل,
خاص,
مسح,
نوع الشرط,
أعلى,
تعديل الشرط,
مشاهده الشرط,
محتوى الشرط,
قائمه الشروط,
الشرط المختار,
مقارنة الاحداث,
قائمة حقول مختلفة,
قيم حقول مختلفة,
لا يوجد اختلاف,
الغاء,
إدراج نص,
البحث,
اختر طلب الشراء,
اظهار الكل,
الغاء,
البحث,
اظهار الكل,
يوكل الى,
نوع التحكم,
خاص,
عام,
رمز النموذج,
اسم النموذج,
حدثت مشكلة اثناء تقديم طلبكم,
الغاء,
الاستمرار,
اختيار الشركة,
"اسم تقرير غير صحيح , يرجى اعادة الاختيار",
الغاء,
الاستمرار,
اشعار السحب,
الغاء,
المصاريف,
حذف,
حجم الملف (كيلوبايت),
نوع الملف,
وصف الملف المصور,
مسار الملف المصور,
مؤشر الملف المصور,
نوع الملف المصور,
خزن فورا في قاعدة البيانات,
ملاحظات,
تقديم,
تحميل الحالة,
تحديث,
بانتظار موافقة قطاع الشركات,
رسالة من البنك,
بوالص تحصيل التصدير,
اعتمادات التصدير,
بوالص تحصيل الاستيراد,
اعتمادات الاستيراد,
اعداد البريد الوارد,
الكفالات الواردة,
المواد,
الكفالات الصادرة,
مرفوضة من المشرف,
حفظ,
تم الحفظ,
العناوين,
الغاء,
الاستمرار,
الاعتراض,
الاعتراض / تفاصيل الرد,
يرجى ادخال مفتاح الرد ادناه,
الرد,
الغاء,
"اسم منتج غير صحيح , يرجى اعادة المحاولة",
"نوع غير صحيح , يرجى اعادة المحاولة",
الغاء,
اختيار,
مشاهدة تاريخ التوثيق,
حدثت مشكلة اثناء تقديم طلبكم,
العودة الى شاشة الدخول,
المرفق,
نسخة الى,
اغلاق,
ارسال,
ارسال من,
ارسال الى,
الموضوع,
يحتوي على,
وظيفة البحث,
تحديث القائمة,
البحث,
مشروع العملاء - احصائيات الحركات,
البحث عن الحركات,
"يتم تحميل احصائيات الخدمات التجارية ، يرجى الانتظار",
الغاء,
تقديم الرسالة,
يرجى المشاهدة,
السابق,
التعليمات مكتملة,
الغاء,
حدثت مشكلة اثناء تقديم طلبكم,
السابق,
الاستمرار,
التعليمات مكتملة,
الوقت الحالي هو,
تسجيل دخولكم الاخير كان في,
المحافظة على الامن والانظمة,
اليوم هو,
وقت الجلسة انتهى!,
مشروع العملاء انتهاء الوقت,
تسجيل الخروج,
بيانات حركتكم تم حفظها بنجاح في قاعدة بيانات,
الغاء,
الشركة,
انشئت بواسطة,
تاريخ الانشاء,
انشاء,
حذف,
تحميل,
الاسم,
لا يوجد سجلات صالحة,
خاص,
اظهار القواعد,
اسم النموذج,
نوع النموذج,
تحديث,
الغاء,
انشئت بواسطة,
تاريخ الانشاء,
انشاء,
حذف,
تحميل,
لا يوجد سجلات صالحة,
خاص,
عام,
اسم النموذج,
نوع النموذج,
نوع النموذج,
تحديث,
الغاء,
رقم حساب الشركة,
تاكيد,
تاكيد كلمة السر,
كلمة المرور الجديدة,
كلمة المرور القديمة,
إعادة ضبط,
الرمز التعريفي للمستخدم,
اسم المستخدم,
مجموعة البنك,
التكلفة و التامين واجور الشحن مدفوعة,
رمز الدولة,
اوقات الحدث,
اسم خارطة GAPI,
المرجع الرئيسي,
فعالية على النظام,
محتوى الرسالة,
ترويسة الرسالة,
ربط مع نظام اخر,
نظام اخر,
مشاهدة رسائل الحركات من CE  الى CSX,
لائحة المرفقات,
معلومات الملف ( الملفات ) المصورة,
مجموعة البنك,
التكلفة و التامين واجور الشحن مدفوعة,
رمز الدولة,
اوقات الحدث,
المرجع الرئيسي,
فعالية على النظام,
محتوى الرسالة,
ترويسة الرسالة,
نوع الرسالة,
رسالة سويفت,
مشاهدة السويفت,
السابق,
مشاهدة مسبقة,
إعادة ضبط,
حفظ,
قائمة اجزاء الشاشة الرئيسية,
إعادة تقديم,
لا يوجد قيم . هل ترغب بالاستمرار؟,
اخفاء,
اظهار,
مقارنة,
مشاهدة التوثيق,
ازالة,
اعتماد جديد,
مشاهدة,
قسم البنك,
رسالة البنك,
قسم الشركات,
"هذا الحساب تم استخدامه سابقا ، يرجى محاولة استعمال رقم حساب اخر",
مبلغ القبول يجب ان لا تتجاوز مبلغ بوليصة التحصيل,
يمكن التفعيل بواسطة,
المبلغ المتنازل عنه يزيد عن قيمة الاعتماد,
المبلغ المتنازل عنه يزيد عن قيمة الاعتماد,
الرمز التعريفي اجباري للرزنامة,
اختار بوليصة الشحن الجوي,
"رمز سويفت البنك تم استخدامه سابقا ، يرجى محاولة استعمال رمز سويفت اخر",
باركود الحركة ( الشريط الرمزي للحركة),
اغلاق,
طباعة,
اخفاء الصورة/الصور,
سبب الرفض,
رفض,
تمرير,
اظهار الصورة/الصور,
بيانات النجاح,
رقم تذكرة جهاز توكن,
يرجى اختيار عملة اساس !,
يجيز,
الغاء,
تأكيد,
حذف,
المستند,
التالي,
السابق,
طباعة,
حفظ,
نموذج,
مشاهدة المستند,
مشاهدة تاريخ الحركة,
نيسان ( ابريل ),
اب ( اغسطس ),
كانون اول ( ديسمبر),
شباط ( فبراير ),
تم تحديد السطح ولكن لا يمكن ايجاد الشركة الام,
الجمعة,
كانون الثاني ( يناير ),
تموز ( يوليه ),
حزيران ( يونيو ),
اذار ( مارس ),
ايار ( ماي ),
الاثنين,
التالي,
السنة التالية,
لا يوجد بيانات مسجلة,
لا يوجد شيء للتجهيز ( لم يتم ايجاد الحقول ) يرجى التأكد من رمزك,
تشرين ثاني ( نوفمبر ),
تشرين اول,
اختر تاريخ,
السابق,
السنة السابقة,
السبت,
ايلول (سبتمبر ),
الاحد,
الخميس,
اليوم,
الثلاثاء,
الاربعاء,
لا يمكن ان يكون فارغا,
يرجى اختيار العملة,
اختار شهادة صادرة عن مالكي السفينه/القبطان/الناقل,
يرجى التاكيد (التاشير) على الشروط والأحكام,
يرجى اختيار اجراء,
يرجى اختيار شرط !,
يرجى اختيار شرط محدد !,
اضغط موافق للمتابعة,
انقر (موافق) للاستمرار . (الغاء) للالغاء,
رمز الشركة يجب ان يكون نفسه !,
رقم حساب الشركة,
رقم حساب الشركة اجباري !,
رقم حساب الشركة اجباري !,
مطلوب الرمز التعريفي للمجموعة,
مطلوب اسم الشركة,
حقل تاكيد كلمة السر فارغ,
حقل تاكيد كلمة السر وحقل كلمة السر الجديدة يجب ان يكونا متطابقين,
اختار بوليصة شحن ناقل الخاص,
المستخدم الحالي فعال,
رقم حساب العميل يجب ان يكون 6 !,
لن يتم حفظ البيانات في حالة الاستمرار,
يجب اختيار مستند,
عنوان البريد الالكتروني غير صالح,
البريد الالكتروني موجود اصلا,
لا يوجد بريد الكتروني صالح للمجموعة - يرجى انشاء بريد الكتروني للمجموعة اولا.,
اسم المجموعة للبريد الالكتروني اجباري,
"تم تاسيس اخطارات البريد الالكتروني لهذه الشركة،  يرجى الذهاب الى تعديل اخطارات البريد الالكتروني لتعديله",
فارغ,
لا يمكن ان يكون فارغا ! يجب تعبئته!,
الاسم يجب ان لا يكون فارغا !,
يرجى ادخال البريد الالكتروني,
خطأ,
تاريخ انتهاء الاعتماد او اخر تاريخ لتقديم المستندات من قبل المستفيد,
تاريخ الانتهاء يجب ان لا يكون سابقا للتاريخ الحالي,
تاريخ الانتهاء يجب ان لا يكون سابقا لتاريخ الطلب,
تاريخ الانتهاء يجب ان لا يكون سابقا للتاريخ الحالي,
يرجى النقر على كبسات  التصدير اعلاه للحصول على التقرير,
ملف الوصول للوظيفة FAP  غير صالح,
تركيبة رقم الفاكس غير صالحة,
يرجى تعبئة جميع الحقول المطلوبة,
تاريخ طلب كفالة التخليص ( الشحن ) لا يمكن ان يكون اكبر من تاريخ انتهاء الاعتماد,
خطأ: اسم القيمة لا يمكن ان يتضمن حروف % ' : ~ \\,
تغيير البلد سوف يحذف البيانات التي قمت بتسجيلها . هل انت متاكد من رغبتك بالاستمرار؟,
تغيير السنة سوف يحذف البيانات التي قمت بتسجيلها . هل انت متاكد من رغبتك بالاستمرار؟,
عدد ارقام العطل الاقصى هو 23,
تحذير : اللون مكرر,
"الجدول لهذه الدولة تم انشاءه من قبل . للتعديل ، يرجى تعديل فعالية العطل .",
تحذير : لديه عطلة واحدة على الاقل,
اسم العطلة لا يمكن ان يكون فارغا,
تحذير : الاسم مكرر,
فارغ,
لا يمكن الاتصال بالمضيف,
يمكن عدم التفعيل بواسطة,
تركيبة التاريخ غير صحيحية - يرجى اعادة الاختيار,
القيمة التي ادخلتها اكبر من مجموع الصفحات!,
يرجى ادخال القيمة الصحيحة !,
خطأ : تفاصيل الادخالات غير صحيحة,
يرجى ادخال عدد رقم المرجع,
يرجى ادخال سبب الرفض,
رقم مرجعكم الداخلي,
حرف غير صالح,
احرف غير صالحة,
عنوان البريد الالكتروني غير صالح,
رقم التذكرة (التوكن) غير صالح - حاول مرة اخرى,
مطلوب,
تاريخ اصدار الاعتماد يجب ان لا يكون سابقا لتاريخ انتهاء الاعتماد ( تاريخ اصدار الاعتماد يجب ان يكون سابقا لتاريخ انتهاء الاعتماد),
رقم الاعتماد فارغا - يرجى اختيار رقم الاعتماد,
تحذير: الحد الادنى للادخالات لكل صفحة هو 10! يرجى اعادة الادخال!,
حدثت مشكلة اثناء الدخول,
يرجى تعبئة الحقول الاجبارية,
عدد محاولات التاكيد القصوى 3 - يرجى اعادة المحاولة لاحقا,
تكبير,
تصغيير,
طريقة الشحن الثانية لا يجب ان تكون مماثلة لطريقة الشحن الاولى,
التعديل تم حفظه بنجاح  !,
تاريخ الانتهاء الجديد يجب ان لا يكون سابقا لتاريخ اليوم!,
تاريخ الانتهاء الجديد يجب ان لا يكون سابقا لتاريخ الانتهاء الاصلي !,
تاريخ الانتهاء الجديد يجب ان لا يكون سابقا لتاريخ اليوم!,
قيمة الكفالة الجديدة يجب ان لا تكون اقل من صفر,
قيمة الاعتماد الجديدة يجب ان لا تكون اقل من صفر,
كلمة السر الجديده  فارغه,
الرمز السري الجديد لا يمكن ان يكون مماثلا للرمز السري القديم,
كلمة السر القديمه فارغه,
الرمز السري القديم خطأ,
يوجد فقط 28 يوما في هذا الشهر - يرجى اعادة الاختيار,
يوجد فقط 29 يوما في هذا الشهر - يرجى اعادة الاختيار,
يوجد فقط 30 يوما في هذا الشهر - يرجى اعادة الاختيار,
يوجد فقط  31 يوما في هذا الشهر - يرجى اعادة الاختيار,
التالي,
السابق,
"رمز هذا الطرف موجود ، يرجى التاكد",
اسم هذا الطرف مقبول,
اسم هذا الطرف مستعمل سابقا - يرجى استعمال اسم اخر,
كلمة السر يجب ان لا تكون متتابعه,
كلمة السر لا يمكن ان تكون رقم مكرر,
يرجى اختيار نوع الدفع,
اختار بوليصة الشحن بالطرود البريدية,
الصفحة,
لم يتم اختيار منتج,
يجب اختيار احد السجلات,
سبب الرفض طويل جدا!,
تحديث,
تم تسجيله سابقا - يرجى اختيار آخر,
تم تسجيله سابقا لرمز الوحدة الحالية- يرجى اختيار آخر,
مطلوب ويجب ان لا يكون صفرا,
اجراء,
وصف المستند,
شكل المستند,
اسم المستند,
وصف البريد,
مشاهدة,
مشاهدة البريد,
مشاهدة التقرير,
اسم الوظيفة اجباري !,
لا يمكن احضارشرط التقرير,
يجب اختيار اسم احد التقارير,
اختار مستند النقل البري/السكك الحديدية/الطرق المائية الداخلية,
مستخدم فعال,
فعال,
رقم حساب الشركة,
مستخدم غير فعال,
غير فعال,
اسم الوظيفة,
اسم المستخدم,
اسم المستخدم,
تحذير,
غير صحيحية - يرجى اعادة الاختيار,
يرجى اختيارالشركات,
يرجى اختيار رقم حساب العميل,
يرجى اختيار البريد الالكتروني المطلوب حذفه,
يرجى اختيار البريد الالكتروني المطلوب تعديله,
يرجى اختيار احد  ( FAP ) قبل النقر على تاكيد!,
يرجى اختيار احد ( FAP) من القائمة !,
يجب اختيار حقل واحد على الاقل لاظهار الفهرس,
يجب اختيار حقل واحد على الاقل لاظهار التصدير,
يرجى اختيار احد السجلات,
لم يتم اختيار دور صحيح - يرجى اختيار دور,
يرجى اختيار سجل,
الجلسة قد انتهت - يرجى اعادة الدخول للنظام,
قيمة الاطلاع يجب ان لا تكون اكبر من قيمة بوليصة التحصيل,
يرجى تعبئة نسبة الاطلاع,
قيمة كفالة التخليص اكبر من رصيد الاعتماد,
مطلوب الرمز التعريفي للمجموعة,
رمز حساب التعهدات هو,
تاريخ اخر موعد للشحن يجب ان لا يكون سابقا لتاريخ طلب الاعتماد,
تاريخ اخر موعد للشحن يجب ان لا يكون سابقا لتاريخ اصدار الاعتماد,
تاريخ اخر موعد للشحن يجب ان لا يكون لاحقا لتاريخ انتهاء الاعتماد الجديد,
تاريخ اخر موعد للشحن يجب ان لا يكون  لاحقا لتاريخ انتهاء الاعتماد الجديد,
تاريخ اخر موعد للشحن يجب ان لا يكون لاحقا لتاريخ انتهاء الاعتماد الجديد,
تاريخ اخر موعد للشحن وفترة الشحن يجب ان لا يظهرا في نفس الوقت ( ويجب عدم استخدامهما بنفس الوقت ),
يرجى تحديد المستند المطلوب. مستند شحن بري/ مستند شحن بالسكك الحديدية/ مستند شحن بالطرق المائية الداخلية,
البريد الالكتروني,
اسم البريد الالكتروني للمجموعة,
قائمة البريد الالكتروني,
هل تؤكد على بدء المهمة؟,
سبب الرفض,
هل تؤكد على انهاء المهمة؟,
معاملتكم معلقة بانتظار تزويدنا بالنماذج موقعة,
حدثت مشكلة اثناء تقديم طلبك,
تبديل اللغة قد يتسبب بفقدان البيانات غير المحفوظة / المخزنة,
رقم الهاتف غير صالح,
يرجى تحديد نوع الاستحقاق,
البيانات مطلوبة,
التذكرة (توكن) مخصصة من قبل الى,
يرجى اختيار الرقم المتسلسل للتوكن,
الرقم الرمزي (رقم التوكن) غير موجود,
القيمةالاجمالية لا تساوي  اجمالى التزامات العميل القائمة تجاه البنك - يرجى التاكد مرة اخرى,
القيمة الاجمالية لا يمكن ان تتجاوز اجمالى التزامات العميل القائمة تجاه البنك,
مجموع النسب المئوية لا يمكن ان تتجاوز  100,
اسم النموذج اجباري,
قيمة الاعتماد المراد تحويله تتجاوز رصيد الاعتماد,
قيمة الاعتماد المراد تحويله تتجاوز قيمة الاعتماد الرئيسية,
تاريخ انتهاء الاعتماد المحول لا يمكن ان يكون اكبر من تاريخ انتهاء الاعتماد الاصلي,
تاريخ انتهاء اخر موعد للشحن للاعتماد المحول لا يمكن ان يكون اكبر من تاريخ انتهاء الاعتماد الاصلي,
تاريخ انتهاء اخر موعد للشحن للاعتماد المحول لا يمكن ان يكون اكبر من تاريخ انتهاء اخر موعد للشحن للاعتماد الاصلي,
"قيمة معاملتكم تتجاوز حدود صلاحياتكم، بانتظار موافقةالبنك/موافقة الائتمان",
قيمة معاملتكم ضمن حدود صلاحياتكم,
احصائيات الحركة,
حدث خلل غير متوقع,
تم استخدامة - يرجى اختيار آخر,
اسم المستخدم اجباري !,
قائمة الشركات المخصصة,
قائمة الشركات المتاحة,
تأكيد,
حفظ القائمة,
مشاهدة,
يجب اختيار بند مناسب من قائمة الاشعارات,
يجب ادخال رقم فاسكو التذكرة (التوكن),
الوصف,
بند,
السعر,
الكمية,
دليل المستخدم,
سعر الوحدة,
تحذير: الحد الاعلى للادخالات لكل صفحة هو 100! يرجى اعادة الادخال!,
تحذير:تركيبة  رقم المرجع خاطئة. الطول الاقصى لرقم المرجع يجب ان لا يزيد عن 22,
تحميل,
هذه النافذة قديمة يرجى اغلاقها واعادة فتحها مرة اخرى,
"هذه الدولة مستخدمة سابقا ، يرجى اعادة محاولة رمز تعريفي اخر",
وقت العمل يبدأ بعد الوقت الاضافي,
خاصية البحث خاطئة,
صفحة خطأ,
لا يمكن انشاء XMLHttp object,
اجراءات اضافية,
مشاهدة,
تعديل,
CSX To CE رساله من,
مجموعة البنك,
رمز الشركة,
رمز الدولة,
محتوى الرسالة,
معلومات الحركة,
حالة الحركة,
البحث عن اسم الشركة,
نوع التقرير,
رقم التقرير,
رمز STP,
الرمز التعريفي للمجموعة,
رمز الشركة,
رمز المستخدم,
أو الرمز التعريفي للمستخدم,
رقم حساب العميل,
المنتج,
رمز الدولة,
نوع التقرير,
عداد المرجع,
نموذج التقرير,
وقت الاستلام,
المعلومات العامة,
محتوى الرسالة,
و,
حركة مجازة,
يحتوي,
